,year,month,ONI_total,ONI_climAdjust,ONI_anom
0,1950,5,26.19,27.56,-1.37
1,1950,6,26.47,27.21,-0.74
2,1950,7,26.28,26.72,-0.44
3,1950,8,25.88,26.3,-0.42
4,1950,9,25.73,26.14,-0.41
5,1950,10,25.68,26.01,-0.32
6,1950,11,25.46,26.06,-0.6
7,1950,12,25.29,26.18,-0.88
8,1951,1,25.26,26.18,-0.92
9,1951,2,25.72,26.39,-0.66
10,1951,3,26.91,26.95,-0.04
11,1951,4,27.59,27.39,0.2
12,1951,5,27.93,27.56,0.37
13,1951,6,27.73,27.21,0.52
14,1951,7,27.59,26.72,0.87
15,1951,8,27.01,26.3,0.71
16,1951,9,27.22,26.14,1.08
17,1951,10,27.2,26.01,1.19
18,1951,11,27.25,26.06,1.19
19,1951,12,26.92,26.18,0.74
20,1952,1,26.67,26.18,0.49
21,1952,2,26.75,26.39,0.37
22,1952,3,27.19,26.95,0.24
23,1952,4,27.81,27.39,0.42
24,1952,5,27.79,27.56,0.23
25,1952,6,27.18,27.21,-0.03
26,1952,7,26.52,26.72,-0.2
27,1952,8,26.3,26.3,-0.0
28,1952,9,26.35,26.14,0.21
29,1952,10,26.25,26.01,0.25
30,1952,11,25.92,26.06,-0.14
31,1952,12,26.21,26.18,0.03
32,1953,1,26.74,26.18,0.56
33,1953,2,27.0,26.39,0.61
34,1953,3,27.57,26.95,0.62
35,1953,4,28.03,27.39,0.64
36,1953,5,28.28,27.56,0.71
37,1953,6,28.12,27.21,0.9
38,1953,7,27.42,26.72,0.7
39,1953,8,26.93,26.3,0.63
40,1953,9,27.0,26.14,0.85
41,1953,10,26.87,26.01,0.86
42,1953,11,26.88,26.06,0.82
43,1953,12,27.01,26.18,0.83
44,1954,1,26.98,26.18,0.8
45,1954,2,27.03,26.39,0.64
46,1954,3,26.91,26.95,-0.04
47,1954,4,26.65,27.39,-0.74
48,1954,5,27.11,27.56,-0.45
49,1954,6,26.79,27.21,-0.42
50,1954,7,26.1,26.72,-0.62
51,1954,8,25.42,26.3,-0.88
52,1954,9,25.11,26.14,-1.03
53,1954,10,25.22,26.01,-0.78
54,1954,11,25.56,26.06,-0.5
55,1954,12,25.26,26.18,-0.91
56,1955,1,25.62,26.18,-0.56
57,1955,2,25.82,26.39,-0.57
58,1955,3,26.23,26.95,-0.72
59,1955,4,26.61,27.39,-0.78
60,1955,5,26.65,27.56,-0.91
61,1955,6,26.54,27.21,-0.67
62,1955,7,26.14,26.72,-0.58
63,1955,8,25.5,26.3,-0.8
64,1955,9,25.28,26.14,-0.87
65,1955,10,24.41,26.01,-1.6
66,1955,11,24.25,26.06,-1.81
67,1955,12,24.57,26.18,-1.61
68,1956,1,25.34,26.33,-0.99
69,1956,2,25.77,26.51,-0.74
70,1956,3,26.47,27.01,-0.54
71,1956,4,26.86,27.46,-0.6
72,1956,5,27.13,27.59,-0.46
73,1956,6,26.81,27.29,-0.48
74,1956,7,26.22,26.8,-0.58
75,1956,8,25.67,26.32,-0.65
76,1956,9,25.72,26.15,-0.43
77,1956,10,25.74,26.03,-0.29
78,1956,11,25.56,26.1,-0.54
79,1956,12,25.71,26.18,-0.47
80,1957,1,26.04,26.33,-0.29
81,1957,2,26.54,26.51,0.02
82,1957,3,27.46,27.01,0.45
83,1957,4,28.23,27.46,0.77
84,1957,5,28.54,27.59,0.94
85,1957,6,28.35,27.29,1.05
86,1957,7,28.15,26.8,1.34
87,1957,8,27.68,26.32,1.36
88,1957,9,27.42,26.15,1.27
89,1957,10,27.41,26.03,1.37
90,1957,11,27.62,26.1,1.52
91,1957,12,27.89,26.18,1.71
92,1958,1,28.32,26.33,1.98
93,1958,2,28.24,26.51,1.72
94,1958,3,28.27,27.01,1.26
95,1958,4,28.28,27.46,0.81
96,1958,5,28.3,27.59,0.71
97,1958,6,27.98,27.29,0.69
98,1958,7,27.31,26.8,0.51
99,1958,8,26.84,26.32,0.52
100,1958,9,26.4,26.15,0.25
101,1958,10,26.45,26.03,0.41
102,1958,11,26.75,26.1,0.65
103,1958,12,26.61,26.18,0.44
104,1959,1,27.07,26.33,0.74
105,1959,2,27.18,26.51,0.67
106,1959,3,27.47,27.01,0.46
107,1959,4,27.88,27.46,0.42
108,1959,5,27.69,27.59,0.1
109,1959,6,27.36,27.29,0.07
110,1959,7,26.43,26.8,-0.37
111,1959,8,26.09,26.32,-0.24
112,1959,9,25.92,26.15,-0.23
113,1959,10,26.24,26.03,0.2
114,1959,11,26.04,26.1,-0.06
115,1959,12,26.18,26.18,0.0
116,1960,1,26.26,26.33,-0.07
117,1960,2,26.29,26.51,-0.22
118,1960,3,26.99,27.01,-0.02
119,1960,4,27.49,27.46,0.03
120,1960,5,27.68,27.59,0.08
121,1960,6,27.23,27.29,-0.06
122,1960,7,26.87,26.8,0.07
123,1960,8,26.69,26.32,0.36
124,1960,9,26.43,26.15,0.28
125,1960,10,26.21,26.03,0.18
126,1960,11,26.25,26.1,0.15
127,1960,12,26.22,26.18,0.04
128,1961,1,26.23,26.27,-0.04
129,1961,2,26.56,26.45,0.1
130,1961,3,26.94,26.92,0.02
131,1961,4,27.37,27.37,-0.0
132,1961,5,27.75,27.49,0.26
133,1961,6,27.66,27.22,0.44
134,1961,7,26.87,26.76,0.11
135,1961,8,26.18,26.3,-0.12
136,1961,9,25.78,26.16,-0.38
137,1961,10,25.7,26.09,-0.38
138,1961,11,26.07,26.08,-0.01
139,1961,12,25.98,26.14,-0.16
140,1962,1,25.96,26.27,-0.3
141,1962,2,26.2,26.45,-0.26
142,1962,3,26.81,26.92,-0.11
143,1962,4,27.13,27.37,-0.24
144,1962,5,27.05,27.49,-0.44
145,1962,6,27.08,27.22,-0.14
146,1962,7,26.75,26.76,-0.0
147,1962,8,26.32,26.3,0.02
148,1962,9,25.93,26.16,-0.23
149,1962,10,25.96,26.09,-0.12
150,1962,11,25.75,26.08,-0.32
151,1962,12,25.67,26.14,-0.47
152,1963,1,25.77,26.27,-0.5
153,1963,2,26.23,26.45,-0.23
154,1963,3,27.18,26.92,0.26
155,1963,4,27.79,27.37,0.41
156,1963,5,27.63,27.49,0.14
157,1963,6,27.61,27.22,0.39
158,1963,7,27.77,26.76,1.02
159,1963,8,27.47,26.3,1.17
160,1963,9,27.39,26.16,1.23
161,1963,10,27.35,26.09,1.26
162,1963,11,27.46,26.08,1.39
163,1963,12,27.61,26.14,1.47
164,1964,1,27.33,26.27,1.06
165,1964,2,27.13,26.45,0.68
166,1964,3,27.02,26.92,0.1
167,1964,4,26.95,27.37,-0.42
168,1964,5,26.82,27.49,-0.67
169,1964,6,26.58,27.22,-0.64
170,1964,7,26.33,26.76,-0.43
171,1964,8,25.59,26.3,-0.72
172,1964,9,25.32,26.16,-0.84
173,1964,10,25.36,26.09,-0.73
174,1964,11,25.26,26.08,-0.82
175,1964,12,25.22,26.14,-0.92
176,1965,1,25.66,26.27,-0.61
177,1965,2,26.2,26.45,-0.25
178,1965,3,26.95,26.92,0.03
179,1965,4,27.38,27.37,0.01
180,1965,5,27.99,27.49,0.5
181,1965,6,28.08,27.22,0.86
182,1965,7,27.89,26.76,1.14
183,1965,8,27.96,26.3,1.66
184,1965,9,28.0,26.16,1.84
185,1965,10,28.15,26.09,2.06
186,1965,11,28.11,26.08,2.03
187,1965,12,27.95,26.14,1.81
188,1966,1,27.66,26.36,1.31
189,1966,2,27.55,26.56,1.0
190,1966,3,28.21,27.02,1.19
191,1966,4,28.16,27.4,0.76
192,1966,5,27.55,27.53,0.02
193,1966,6,27.63,27.35,0.29
194,1966,7,27.32,26.9,0.42
195,1966,8,26.48,26.46,0.02
196,1966,9,26.27,26.34,-0.07
197,1966,10,26.22,26.33,-0.11
198,1966,11,26.23,26.35,-0.12
199,1966,12,26.02,26.33,-0.31
200,1967,1,25.88,26.36,-0.48
201,1967,2,26.12,26.56,-0.44
202,1967,3,26.51,27.02,-0.51
203,1967,4,26.75,27.4,-0.66
204,1967,5,27.35,27.53,-0.18
205,1967,6,27.46,27.35,0.12
206,1967,7,26.96,26.9,0.06
207,1967,8,26.43,26.46,-0.03
208,1967,9,25.85,26.34,-0.49
209,1967,10,25.96,26.33,-0.36
210,1967,11,26.07,26.35,-0.28
211,1967,12,25.95,26.33,-0.38
212,1968,1,25.69,26.36,-0.66
213,1968,2,25.69,26.56,-0.86
214,1968,3,26.34,27.02,-0.68
215,1968,4,27.1,27.4,-0.3
216,1968,5,27.19,27.53,-0.34
217,1968,6,27.87,27.35,0.52
218,1968,7,27.57,26.9,0.66
219,1968,8,27.0,26.46,0.54
220,1968,9,26.72,26.34,0.38
221,1968,10,26.75,26.33,0.42
222,1968,11,27.2,26.35,0.85
223,1968,12,27.27,26.33,0.94
224,1969,1,27.5,26.36,1.14
225,1969,2,27.86,26.56,1.31
226,1969,3,27.83,27.02,0.81
227,1969,4,28.14,27.4,0.73
228,1969,5,28.29,27.53,0.76
229,1969,6,27.69,27.35,0.35
230,1969,7,27.08,26.9,0.18
231,1969,8,27.02,26.46,0.56
232,1969,9,27.15,26.34,0.81
233,1969,10,27.34,26.33,1.01
234,1969,11,27.11,26.35,0.76
235,1969,12,26.98,26.33,0.66
236,1970,1,26.84,26.36,0.48
237,1970,2,26.96,26.56,0.41
238,1970,3,27.15,27.02,0.13
239,1970,4,27.75,27.4,0.34
240,1970,5,27.63,27.53,0.1
241,1970,6,27.03,27.35,-0.31
242,1970,7,26.21,26.9,-0.7
243,1970,8,25.59,26.46,-0.87
244,1970,9,25.64,26.34,-0.7
245,1970,10,25.59,26.33,-0.73
246,1970,11,25.57,26.35,-0.78
247,1970,12,25.27,26.33,-1.06
248,1971,1,24.82,26.42,-1.6
249,1971,2,25.2,26.61,-1.42
250,1971,3,25.93,27.06,-1.13
251,1971,4,26.64,27.44,-0.8
252,1971,5,26.95,27.56,-0.61
253,1971,6,26.6,27.38,-0.78
254,1971,7,26.12,26.94,-0.82
255,1971,8,25.74,26.54,-0.79
256,1971,9,25.71,26.42,-0.71
257,1971,10,25.47,26.43,-0.96
258,1971,11,25.55,26.43,-0.88
259,1971,12,25.37,26.4,-1.03
260,1972,1,25.63,26.42,-0.78
261,1972,2,26.31,26.61,-0.3
262,1972,3,27.09,27.06,0.03
263,1972,4,27.9,27.44,0.45
264,1972,5,28.31,27.56,0.75
265,1972,6,28.18,27.38,0.8
266,1972,7,28.14,26.94,1.2
267,1972,8,27.94,26.54,1.4
268,1972,9,27.94,26.42,1.52
269,1972,10,28.25,26.43,1.83
270,1972,11,28.6,26.43,2.17
271,1972,12,28.68,26.4,2.28
272,1973,1,28.33,26.42,1.92
273,1973,2,27.95,26.61,1.34
274,1973,3,27.56,27.06,0.49
275,1973,4,27.25,27.44,-0.19
276,1973,5,26.97,27.56,-0.59
277,1973,6,26.55,27.38,-0.83
278,1973,7,25.76,26.94,-1.18
279,1973,8,25.23,26.54,-1.31
280,1973,9,25.06,26.42,-1.36
281,1973,10,24.74,26.43,-1.69
282,1973,11,24.34,26.43,-2.09
283,1973,12,24.34,26.4,-2.06
284,1974,1,24.47,26.42,-1.95
285,1974,2,25.11,26.61,-1.5
286,1974,3,25.86,27.06,-1.21
287,1974,4,26.48,27.44,-0.97
288,1974,5,26.65,27.56,-0.91
289,1974,6,26.53,27.38,-0.85
290,1974,7,26.39,26.94,-0.55
291,1974,8,26.33,26.54,-0.21
292,1974,9,26.07,26.42,-0.35
293,1974,10,25.77,26.43,-0.66
294,1974,11,25.61,26.43,-0.82
295,1974,12,25.63,26.4,-0.78
296,1975,1,26.1,26.42,-0.32
297,1975,2,26.08,26.61,-0.53
298,1975,3,26.21,27.06,-0.86
299,1975,4,26.87,27.44,-0.58
300,1975,5,26.8,27.56,-0.76
301,1975,6,26.23,27.38,-1.15
302,1975,7,25.9,26.94,-1.04
303,1975,8,25.34,26.54,-1.2
304,1975,9,25.05,26.42,-1.37
305,1975,10,24.89,26.43,-1.54
306,1975,11,25.05,26.43,-1.38
307,1975,12,24.67,26.4,-1.73
308,1976,1,24.54,26.39,-1.84
309,1976,2,25.49,26.59,-1.09
310,1976,3,26.46,27.04,-0.58
311,1976,4,26.89,27.42,-0.53
312,1976,5,27.2,27.51,-0.31
313,1976,6,27.35,27.35,-0.0
314,1976,7,27.12,26.95,0.17
315,1976,8,26.98,26.59,0.38
316,1976,9,27.02,26.51,0.5
317,1976,10,27.46,26.48,0.98
318,1976,11,27.41,26.46,0.95
319,1976,12,27.08,26.43,0.66
320,1977,1,27.32,26.39,0.93
321,1977,2,27.13,26.59,0.55
322,1977,3,27.48,27.04,0.44
323,1977,4,27.45,27.42,0.03
324,1977,5,27.72,27.51,0.22
325,1977,6,27.74,27.35,0.39
326,1977,7,27.38,26.95,0.42
327,1977,8,26.84,26.59,0.25
328,1977,9,27.11,26.51,0.6
329,1977,10,27.34,26.48,0.86
330,1977,11,27.18,26.46,0.72
331,1977,12,27.29,26.43,0.86
332,1978,1,27.17,26.39,0.78
333,1978,2,27.01,26.59,0.42
334,1978,3,27.1,27.04,0.06
335,1978,4,27.12,27.42,-0.3
336,1978,5,27.2,27.51,-0.31
337,1978,6,27.02,27.35,-0.33
338,1978,7,26.74,26.95,-0.22
339,1978,8,26.07,26.59,-0.53
340,1978,9,26.01,26.51,-0.5
341,1978,10,26.25,26.48,-0.23
342,1978,11,26.32,26.46,-0.14
343,1978,12,26.54,26.43,0.11
344,1979,1,26.42,26.39,0.03
345,1979,2,26.54,26.59,-0.04
346,1979,3,27.28,27.04,0.23
347,1979,4,27.84,27.42,0.42
348,1979,5,27.69,27.51,0.19
349,1979,6,27.43,27.35,0.08
350,1979,7,26.82,26.95,-0.13
351,1979,8,26.75,26.59,0.16
352,1979,9,26.99,26.51,0.48
353,1979,10,26.83,26.48,0.35
354,1979,11,26.99,26.46,0.53
355,1979,12,27.11,26.43,0.69
356,1980,1,27.09,26.39,0.7
357,1980,2,26.98,26.59,0.39
358,1980,3,27.32,27.04,0.28
359,1980,4,27.76,27.42,0.34
360,1980,5,28.02,27.51,0.51
361,1980,6,27.94,27.35,0.59
362,1980,7,27.23,26.95,0.28
363,1980,8,26.48,26.59,-0.11
364,1980,9,26.44,26.51,-0.07
365,1980,10,26.46,26.48,-0.02
366,1980,11,26.6,26.46,0.14
367,1980,12,26.65,26.43,0.22
368,1981,1,26.19,26.57,-0.38
369,1981,2,26.12,26.75,-0.62
370,1981,3,26.66,27.17,-0.51
371,1981,4,27.3,27.59,-0.29
372,1981,5,27.36,27.66,-0.3
373,1981,6,27.27,27.46,-0.19
374,1981,7,26.65,27.02,-0.37
375,1981,8,26.32,26.64,-0.32
376,1981,9,26.52,26.56,-0.04
377,1981,10,26.42,26.53,-0.11
378,1981,11,26.29,26.52,-0.23
379,1981,12,26.4,26.51,-0.11
380,1982,1,26.68,26.57,0.11
381,1982,2,26.6,26.75,-0.15
382,1982,3,27.42,27.17,0.25
383,1982,4,28.03,27.59,0.45
384,1982,5,28.39,27.66,0.72
385,1982,6,28.26,27.46,0.8
386,1982,7,27.66,27.02,0.64
387,1982,8,27.58,26.64,0.93
388,1982,9,28.2,26.56,1.64
389,1982,10,28.69,26.53,2.16
390,1982,11,28.61,26.52,2.09
391,1982,12,28.79,26.51,2.28
392,1983,1,28.88,26.57,2.32
393,1983,2,28.69,26.75,1.94
394,1983,3,28.67,27.17,1.49
395,1983,4,28.77,27.59,1.19
396,1983,5,28.84,27.66,1.18
397,1983,6,28.28,27.46,0.82
398,1983,7,27.19,27.02,0.17
399,1983,8,26.6,26.64,-0.04
400,1983,9,26.2,26.56,-0.36
401,1983,10,25.57,26.53,-0.96
402,1983,11,25.42,26.52,-1.1
403,1983,12,25.58,26.51,-0.94
404,1984,1,25.88,26.57,-0.69
405,1984,2,26.57,26.75,-0.18
406,1984,3,26.78,27.17,-0.39
407,1984,4,27.15,27.59,-0.44
408,1984,5,27.2,27.66,-0.46
409,1984,6,26.83,27.46,-0.63
410,1984,7,26.78,27.02,-0.24
411,1984,8,26.6,26.64,-0.04
412,1984,9,26.38,26.56,-0.19
413,1984,10,26.04,26.53,-0.49
414,1984,11,25.52,26.52,-1.0
415,1984,12,25.26,26.51,-1.25
416,1985,1,25.39,26.57,-1.17
417,1985,2,26.04,26.75,-0.71
418,1985,3,26.5,27.17,-0.67
419,1985,4,26.65,27.59,-0.93
420,1985,5,26.91,27.66,-0.75
421,1985,6,26.81,27.46,-0.65
422,1985,7,26.55,27.02,-0.47
423,1985,8,26.29,26.64,-0.35
424,1985,9,26.02,26.56,-0.55
425,1985,10,26.23,26.53,-0.3
426,1985,11,26.33,26.52,-0.2
427,1985,12,26.19,26.51,-0.32
428,1986,1,25.89,26.46,-0.56
429,1986,2,26.06,26.66,-0.6
430,1986,3,26.88,27.14,-0.26
431,1986,4,27.49,27.58,-0.08
432,1986,5,27.41,27.68,-0.27
433,1986,6,27.42,27.43,-0.01
434,1986,7,27.18,27.01,0.17
435,1986,8,27.17,26.66,0.51
436,1986,9,27.24,26.59,0.65
437,1986,10,27.51,26.54,0.98
438,1986,11,27.7,26.5,1.2
439,1986,12,27.71,26.47,1.24
440,1987,1,27.68,26.46,1.22
441,1987,2,27.89,26.66,1.23
442,1987,3,28.27,27.14,1.13
443,1987,4,28.4,27.58,0.82
444,1987,5,28.56,27.68,0.88
445,1987,6,28.64,27.43,1.21
446,1987,7,28.58,27.01,1.57
447,1987,8,28.41,26.66,1.76
448,1987,9,28.36,26.59,1.77
449,1987,10,27.95,26.54,1.42
450,1987,11,27.77,26.5,1.27
451,1987,12,27.54,26.47,1.07
452,1988,1,27.45,26.46,0.99
453,1988,2,27.04,26.66,0.37
454,1988,3,27.39,27.14,0.25
455,1988,4,27.38,27.58,-0.19
456,1988,5,26.68,27.68,-1.0
457,1988,6,25.99,27.43,-1.44
458,1988,7,25.56,27.01,-1.45
459,1988,8,25.67,26.66,-0.99
460,1988,9,25.72,26.59,-0.87
461,1988,10,24.82,26.54,-1.71
462,1988,11,24.66,26.5,-1.85
463,1988,12,24.64,26.47,-1.83
464,1989,1,24.59,26.46,-1.87
465,1989,2,25.29,26.66,-1.37
466,1989,3,26.09,27.14,-1.05
467,1989,4,26.75,27.58,-0.82
468,1989,5,27.07,27.68,-0.61
469,1989,6,27.14,27.43,-0.29
470,1989,7,26.71,27.01,-0.3
471,1989,8,26.32,26.66,-0.33
472,1989,9,26.41,26.59,-0.18
473,1989,10,26.32,26.54,-0.22
474,1989,11,26.25,26.5,-0.25
475,1989,12,26.46,26.47,-0.01
476,1990,1,26.56,26.46,0.11
477,1990,2,26.98,26.66,0.31
478,1990,3,27.34,27.14,0.2
479,1990,4,27.9,27.58,0.33
480,1990,5,28.02,27.68,0.34
481,1990,6,27.65,27.43,0.21
482,1990,7,27.38,27.01,0.37
483,1990,8,27.07,26.66,0.42
484,1990,9,26.94,26.59,0.35
485,1990,10,26.93,26.54,0.4
486,1990,11,26.81,26.5,0.31
487,1990,12,26.96,26.47,0.48
488,1991,1,27.04,26.59,0.45
489,1991,2,27.08,26.79,0.29
490,1991,3,27.33,27.28,0.05
491,1991,4,28.02,27.7,0.32
492,1991,5,28.2,27.8,0.4
493,1991,6,28.25,27.6,0.65
494,1991,7,28.05,27.19,0.86
495,1991,8,27.53,26.84,0.69
496,1991,9,27.14,26.78,0.36
497,1991,10,27.58,26.76,0.82
498,1991,11,27.89,26.7,1.19
499,1991,12,28.28,26.66,1.62
500,1992,1,28.37,26.59,1.78
501,1992,2,28.53,26.79,1.74
502,1992,3,28.66,27.28,1.38
503,1992,4,29.02,27.7,1.32
504,1992,5,28.97,27.8,1.16
505,1992,6,28.3,27.6,0.7
506,1992,7,27.51,27.19,0.33
507,1992,8,26.91,26.84,0.07
508,1992,9,26.66,26.78,-0.13
509,1992,10,26.42,26.76,-0.34
510,1992,11,26.42,26.7,-0.28
511,1992,12,26.45,26.66,-0.21
512,1993,1,26.7,26.59,0.1
513,1993,2,27.17,26.79,0.38
514,1993,3,27.68,27.28,0.4
515,1993,4,28.41,27.7,0.71
516,1993,5,28.71,27.8,0.91
517,1993,6,28.08,27.6,0.48
518,1993,7,27.52,27.19,0.33
519,1993,8,26.99,26.84,0.15
520,1993,9,27.07,26.78,0.29
521,1993,10,26.78,26.76,0.02
522,1993,11,26.71,26.7,0.01
523,1993,12,26.76,26.66,0.1
524,1994,1,26.65,26.59,0.06
525,1994,2,26.82,26.79,0.03
526,1994,3,27.39,27.28,0.11
527,1994,4,28.08,27.7,0.38
528,1994,5,28.24,27.8,0.43
529,1994,6,28.04,27.6,0.44
530,1994,7,27.54,27.19,0.35
531,1994,8,27.38,26.84,0.54
532,1994,9,27.19,26.78,0.41
533,1994,10,27.47,26.76,0.71
534,1994,11,27.81,26.7,1.11
535,1994,12,27.85,26.66,1.19
536,1995,1,27.57,26.59,0.98
537,1995,2,27.49,26.79,0.71
538,1995,3,27.76,27.28,0.48
539,1995,4,28.11,27.7,0.41
540,1995,5,27.83,27.8,0.02
541,1995,6,27.59,27.6,-0.01
542,1995,7,27.08,27.19,-0.11
543,1995,8,26.23,26.84,-0.61
544,1995,9,25.88,26.78,-0.9
545,1995,10,25.84,26.76,-0.92
546,1995,11,25.61,26.7,-1.1
547,1995,12,25.66,26.66,-1.0
548,1996,1,25.7,26.56,-0.86
549,1996,2,25.91,26.75,-0.85
550,1996,3,26.69,27.24,-0.56
551,1996,4,27.36,27.72,-0.36
552,1996,5,27.55,27.81,-0.26
553,1996,6,27.29,27.59,-0.3
554,1996,7,26.85,27.18,-0.32
555,1996,8,26.64,26.83,-0.2
556,1996,9,26.27,26.73,-0.45
557,1996,10,26.27,26.67,-0.4
558,1996,11,26.29,26.63,-0.34
559,1996,12,25.96,26.56,-0.61
560,1997,1,26.02,26.56,-0.54
561,1997,2,26.39,26.75,-0.36
562,1997,3,27.05,27.24,-0.2
563,1997,4,27.99,27.72,0.27
564,1997,5,28.58,27.81,0.76
565,1997,6,28.81,27.59,1.22
566,1997,7,28.85,27.18,1.67
567,1997,8,28.74,26.83,1.91
568,1997,9,28.84,26.73,2.12
569,1997,10,29.07,26.67,2.4
570,1997,11,29.11,26.63,2.48
571,1997,12,28.89,26.56,2.32
572,1998,1,28.93,26.56,2.37
573,1998,2,28.79,26.75,2.03
574,1998,3,28.63,27.24,1.38
575,1998,4,28.61,27.72,0.9
576,1998,5,28.52,27.81,0.7
577,1998,6,27.35,27.59,-0.24
578,1998,7,26.32,27.18,-0.86
579,1998,8,25.59,26.83,-1.25
580,1998,9,25.47,26.73,-1.26
581,1998,10,25.26,26.67,-1.41
582,1998,11,25.25,26.63,-1.38
583,1998,12,24.92,26.56,-1.64
584,1999,1,24.87,26.56,-1.69
585,1999,2,25.44,26.75,-1.31
586,1999,3,26.34,27.24,-0.9
587,1999,4,26.71,27.72,-1.0
588,1999,5,26.79,27.81,-1.02
589,1999,6,26.54,27.59,-1.05
590,1999,7,26.13,27.18,-1.05
591,1999,8,25.64,26.83,-1.19
592,1999,9,25.63,26.73,-1.09
593,1999,10,25.48,26.67,-1.19
594,1999,11,25.13,26.63,-1.5
595,1999,12,24.87,26.56,-1.7
596,2000,1,24.79,26.56,-1.77
597,2000,2,25.23,26.75,-1.53
598,2000,3,26.31,27.24,-0.93
599,2000,4,26.96,27.72,-0.75
600,2000,5,27.08,27.81,-0.74
601,2000,6,26.95,27.59,-0.64
602,2000,7,26.63,27.18,-0.55
603,2000,8,26.37,26.83,-0.47
604,2000,9,26.2,26.73,-0.52
605,2000,10,26.02,26.67,-0.65
606,2000,11,25.92,26.63,-0.71
607,2000,12,25.69,26.56,-0.88
608,2001,1,25.82,26.45,-0.63
609,2001,2,26.14,26.66,-0.53
610,2001,3,26.82,27.21,-0.39
611,2001,4,27.34,27.73,-0.39
612,2001,5,27.6,27.85,-0.24
613,2001,6,27.54,27.65,-0.11
614,2001,7,27.25,27.26,-0.01
615,2001,8,26.8,26.91,-0.1
616,2001,9,26.52,26.8,-0.28
617,2001,10,26.57,26.75,-0.18
618,2001,11,26.34,26.75,-0.41
619,2001,12,26.2,26.65,-0.46
620,2002,1,26.4,26.45,-0.05
621,2002,2,26.72,26.66,0.06
622,2002,3,27.3,27.21,0.09
623,2002,4,27.85,27.73,0.12
624,2002,5,28.24,27.85,0.4
625,2002,6,28.44,27.65,0.79
626,2002,7,28.03,27.26,0.77
627,2002,8,27.72,26.91,0.81
628,2002,9,27.81,26.8,1.01
629,2002,10,27.96,26.75,1.2
630,2002,11,28.16,26.75,1.41
631,2002,12,27.97,26.65,1.31
632,2003,1,27.16,26.45,0.7
633,2003,2,27.4,26.66,0.74
634,2003,3,27.66,27.21,0.45
635,2003,4,27.69,27.73,-0.05
636,2003,5,27.32,27.85,-0.52
637,2003,6,27.44,27.65,-0.21
638,2003,7,27.5,27.26,0.24
639,2003,8,27.11,26.91,0.2
640,2003,9,26.98,26.8,0.19
641,2003,10,27.14,26.75,0.38
642,2003,11,27.04,26.75,0.29
643,2003,12,27.04,26.65,0.38
644,2004,1,26.83,26.45,0.38
645,2004,2,27.0,26.66,0.34
646,2004,3,27.41,27.21,0.21
647,2004,4,27.89,27.73,0.16
648,2004,5,27.99,27.85,0.14
649,2004,6,27.85,27.65,0.2
650,2004,7,27.77,27.26,0.51
651,2004,8,27.6,26.91,0.7
652,2004,9,27.52,26.8,0.72
653,2004,10,27.44,26.75,0.68
654,2004,11,27.36,26.75,0.61
655,2004,12,27.34,26.65,0.69
656,2005,1,27.21,26.45,0.76
657,2005,2,27.12,26.66,0.46
658,2005,3,27.74,27.21,0.53
659,2005,4,28.09,27.73,0.35
660,2005,5,28.24,27.85,0.39
661,2005,6,27.77,27.65,0.12
662,2005,7,27.07,27.26,-0.19
663,2005,8,26.8,26.91,-0.1
664,2005,9,26.68,26.8,-0.11
665,2005,10,26.65,26.75,-0.1
666,2005,11,26.11,26.75,-0.64
667,2005,12,25.68,26.65,-0.97
668,2006,1,25.64,26.55,-0.91
669,2006,2,26.09,26.76,-0.67
670,2006,3,26.58,27.29,-0.71
671,2006,4,27.51,27.83,-0.32
672,2006,5,27.85,27.94,-0.09
673,2006,6,27.73,27.73,0.0
674,2006,7,27.3,27.29,0.01
675,2006,8,27.16,26.86,0.31
676,2006,9,27.32,26.72,0.6
677,2006,10,27.42,26.72,0.7
678,2006,11,27.7,26.7,0.99
679,2006,12,27.74,26.6,1.14
680,2007,1,27.25,26.55,0.7
681,2007,2,26.9,26.76,0.13
682,2007,3,27.12,27.29,-0.18
683,2007,4,27.51,27.83,-0.31
684,2007,5,27.46,27.94,-0.47
685,2007,6,27.37,27.73,-0.36
686,2007,7,26.7,27.29,-0.59
687,2007,8,26.13,26.86,-0.72
688,2007,9,25.61,26.72,-1.11
689,2007,10,25.33,26.72,-1.39
690,2007,11,25.17,26.7,-1.53
691,2007,12,25.02,26.6,-1.58
692,2008,1,24.87,26.55,-1.68
693,2008,2,25.1,26.76,-1.66
694,2008,3,26.09,27.29,-1.21
695,2008,4,26.84,27.83,-0.99
696,2008,5,27.09,27.94,-0.84
697,2008,6,27.04,27.73,-0.68
698,2008,7,26.99,27.29,-0.3
699,2008,8,26.72,26.86,-0.13
700,2008,9,26.47,26.72,-0.25
701,2008,10,26.37,26.72,-0.35
702,2008,11,26.25,26.7,-0.46
703,2008,12,25.74,26.6,-0.86
704,2009,1,25.67,26.55,-0.89
705,2009,2,25.97,26.76,-0.79
706,2009,3,26.6,27.29,-0.7
707,2009,4,27.48,27.83,-0.35
708,2009,5,27.99,27.94,0.06
709,2009,6,28.04,27.73,0.31
710,2009,7,27.77,27.29,0.48
711,2009,8,27.42,26.86,0.56
712,2009,9,27.4,26.72,0.68
713,2009,10,27.61,26.72,0.89
714,2009,11,28.15,26.7,1.45
715,2009,12,28.33,26.6,1.73
716,2010,1,28.06,26.55,1.51
717,2010,2,28.01,26.76,1.25
718,2010,3,28.19,27.29,0.9
719,2010,4,28.21,27.83,0.38
720,2010,5,27.72,27.94,-0.22
721,2010,6,27.04,27.73,-0.69
722,2010,7,26.22,27.29,-1.07
723,2010,8,25.47,26.86,-1.38
724,2010,9,25.12,26.72,-1.59
725,2010,10,25.03,26.72,-1.69
726,2010,11,25.06,26.7,-1.64
727,2010,12,25.0,26.6,-1.6
728,2011,1,25.01,26.55,-1.54
729,2011,2,25.66,26.76,-1.11
730,2011,3,26.38,27.29,-0.92
731,2011,4,27.07,27.83,-0.76
732,2011,5,27.41,27.94,-0.52
733,2011,6,27.35,27.73,-0.38
734,2011,7,26.87,27.29,-0.42
735,2011,8,26.21,26.86,-0.64
736,2011,9,25.92,26.72,-0.8
737,2011,10,25.67,26.72,-1.05
738,2011,11,25.52,26.7,-1.18
739,2011,12,25.55,26.6,-1.05
740,2012,1,25.68,26.55,-0.87
741,2012,2,26.1,26.76,-0.67
742,2012,3,26.69,27.29,-0.61
743,2012,4,27.33,27.83,-0.49
744,2012,5,27.62,27.94,-0.32
745,2012,6,27.75,27.73,0.02
746,2012,7,27.54,27.29,0.25
747,2012,8,27.32,26.86,0.47
748,2012,9,27.1,26.72,0.38
749,2012,10,26.98,26.72,0.26
750,2012,11,26.86,26.7,0.15
751,2012,12,26.35,26.6,-0.25
752,2013,1,26.02,26.55,-0.53
753,2013,2,26.25,26.76,-0.51
754,2013,3,27.04,27.29,-0.25
755,2013,4,27.58,27.83,-0.25
756,2013,5,27.53,27.94,-0.4
757,2013,6,27.3,27.73,-0.43
758,2013,7,26.9,27.29,-0.39
759,2013,8,26.47,26.86,-0.38
760,2013,9,26.53,26.72,-0.18
761,2013,10,26.52,26.72,-0.2
762,2013,11,26.56,26.7,-0.14
763,2013,12,26.43,26.6,-0.17
764,2014,1,26.06,26.55,-0.49
765,2014,2,26.15,26.76,-0.61
766,2014,3,27.02,27.29,-0.28
767,2014,4,27.91,27.83,0.09
768,2014,5,28.26,27.94,0.32
769,2014,6,27.96,27.73,0.23
770,2014,7,27.23,27.29,-0.06
771,2014,8,26.83,26.86,-0.03
772,2014,9,27.01,26.72,0.29
773,2014,10,27.16,26.72,0.44
774,2014,11,27.46,26.7,0.75
775,2014,12,27.32,26.6,0.72
776,2015,1,27.06,26.55,0.51
777,2015,2,27.18,26.76,0.42
778,2015,3,27.77,27.29,0.47
779,2015,4,28.53,27.83,0.7
780,2015,5,28.85,27.94,0.92
781,2015,6,28.9,27.73,1.17
782,2015,7,28.75,27.29,1.45
783,2015,8,28.78,26.86,1.93
784,2015,9,28.92,26.72,2.2
785,2015,10,29.07,26.72,2.36
786,2015,11,29.41,26.7,2.71
787,2015,12,29.26,26.6,2.65
788,2016,1,29.11,26.55,2.56
789,2016,2,29.0,26.76,2.24
790,2016,3,28.9,27.29,1.61
791,2016,4,28.73,27.83,0.9
792,2016,5,28.24,27.94,0.3
793,2016,6,27.7,27.73,-0.03
794,2016,7,26.82,27.29,-0.47
795,2016,8,26.28,26.86,-0.57
796,2016,9,26.15,26.72,-0.57
797,2016,10,25.98,26.72,-0.74
798,2016,11,25.95,26.7,-0.76
799,2016,12,26.1,26.6,-0.5
800,2017,1,26.12,26.55,-0.43
801,2017,2,26.68,26.76,-0.08
802,2017,3,27.33,27.29,0.03
803,2017,4,28.04,27.83,0.21
804,2017,5,28.3,27.94,0.36
805,2017,6,28.06,27.73,0.33
806,2017,7,27.54,27.29,0.25
807,2017,8,26.7,26.86,-0.16
808,2017,9,26.29,26.72,-0.43
809,2017,10,26.15,26.72,-0.56
810,2017,11,25.74,26.7,-0.96
811,2017,12,25.62,26.6,-0.99
812,2018,1,25.57,26.55,-0.98
813,2018,2,25.98,26.76,-0.78
814,2018,3,26.5,27.29,-0.8
815,2018,4,27.32,27.83,-0.51
816,2018,5,27.74,27.94,-0.2
817,2018,6,27.77,27.73,0.05
818,2018,7,27.42,27.29,0.12
819,2018,8,26.95,26.86,0.09
820,2018,9,27.19,26.72,0.47
821,2018,10,27.62,26.72,0.9
822,2018,11,27.61,26.7,0.9
823,2018,12,27.49,26.6,0.89
824,2019,1,27.2,26.55,0.65
825,2019,2,27.48,26.76,0.71
826,2019,3,28.1,27.29,0.8
827,2019,4,28.45,27.83,0.62
828,2019,5,28.49,27.94,0.55
829,2019,6,28.18,27.73,0.45
830,2019,7,27.64,27.29,0.35
831,2019,8,26.9,26.86,0.04
832,2019,9,26.75,26.72,0.04
833,2019,10,27.2,26.72,0.48
834,2019,11,27.23,26.7,0.52
835,2019,12,27.12,26.6,0.52
836,2020,1,27.16,26.55,0.6
837,2020,2,27.13,26.76,0.37
838,2020,3,27.77,27.29,0.48
839,2020,4,28.19,27.83,0.36
840,2020,5,27.66,27.94,-0.27
841,2020,6,27.39,27.73,-0.34
842,2020,7,26.99,27.29,-0.3
843,2020,8,26.27,26.86,-0.59
844,2020,9,25.89,26.72,-0.83
845,2020,10,25.46,26.72,-1.25
846,2020,11,25.28,26.7,-1.42
847,2020,12,25.45,26.6,-1.15
848,2021,1,25.56,26.55,-0.99
849,2021,2,25.76,26.76,-1.0
850,2021,3,26.5,27.29,-0.8
851,2021,4,27.11,27.83,-0.72
852,2021,5,27.48,27.94,-0.46
853,2021,6,27.45,27.73,-0.28
854,2021,7,26.9,27.29,-0.39
855,2021,8,26.32,26.86,-0.53
856,2021,9,26.16,26.72,-0.55
857,2021,10,25.78,26.72,-0.94
858,2021,11,25.76,26.7,-0.94
859,2021,12,25.54,26.6,-1.06
860,2022,1,25.61,26.55,-0.95
861,2022,2,25.88,26.76,-0.89
862,2022,3,26.33,27.29,-0.97
863,2022,4,26.72,27.83,-1.11
864,2022,5,26.83,27.94,-1.11
865,2022,6,26.98,27.73,-0.75
866,2022,7,26.6,27.29,-0.7
867,2022,8,25.88,26.86,-0.97
868,2022,9,25.65,26.72,-1.07
869,2022,10,25.73,26.72,-0.99
870,2022,11,25.8,26.7,-0.9
871,2022,12,25.75,26.6,-0.86
872,2023,1,25.83,26.55,-0.72
873,2023,2,26.3,26.76,-0.46
874,2023,3,27.18,27.29,-0.11
875,2023,4,27.96,27.83,0.13
876,2023,5,28.39,27.94,0.46
877,2023,6,28.56,27.73,0.84
878,2023,7,28.31,27.29,1.02
879,2023,8,28.2,26.86,1.35
880,2023,9,28.32,26.72,1.6
881,2023,10,28.44,26.72,1.72
882,2023,11,28.72,26.7,2.02
883,2023,12,28.63,26.6,2.02
884,2024,1,28.37,26.55,1.82
885,2024,2,28.28,26.76,1.52
886,2024,3,28.42,27.29,1.13
887,2024,4,28.61,27.83,0.79
888,2024,5,28.26,27.94,0.32
